Quad,MCF10A_Carb_Low_cl2_Mutect
AACA,1
AACC,1
AACG,0
AACT,1
AATA,0
AATC,0
AATG,1
AATT,0
ACCA,1
ACCC,2
ACCG,0
ACCT,4
ACGA,0
ACGC,0
ACGG,2
ACGT,0
ACTA,11
ACTC,3
ACTG,21
ACTT,15
AGCA,6
AGCC,16
AGCG,0
AGCT,8
ATAA,0
ATAC,0
ATAG,1
ATAT,1
ATCA,8
ATCC,10
ATCG,1
ATCT,20
ATGA,2
ATGC,1
ATGG,17
ATGT,1
ATTA,0
ATTC,0
ATTG,1
ATTT,0
CACA,1
CACC,0
CACG,0
CACT,0
CATA,0
CATC,0
CATG,0
CCCA,2
CCCC,0
CCCG,2
CCCT,2
CCGA,1
CCGC,0
CCGG,0
CCTA,11
CCTC,12
CCTG,7
CCTT,14
CGCA,0
CGCC,2
CGCG,0
CTAA,1
CTAC,1
CTAG,0
CTCA,0
CTCC,5
CTCG,1
CTCT,8
CTGA,4
CTGC,4
CTGG,13
CTGT,3
CTTA,2
CTTC,0
CTTG,0
CTTT,0
GACA,1
GACC,0
GACG,0
GACT,0
GATA,0
GATC,0
GCCA,0
GCCC,9
GCCG,0
GCCT,27
GCGA,0
GCGC,0
GCTA,6
GCTC,1
GCTG,6
GCTT,3
GGCA,3
GGCC,0
GTAA,0
GTAC,0
GTCA,5
GTCC,5
GTCG,0
GTCT,25
GTGA,1
GTGC,0
GTGG,5
GTGT,1
GTTA,0
GTTC,0
GTTG,0
GTTT,0
TACA,2
TACC,1
TACG,0
TACT,0
TATA,0
TCCA,0
TCCC,2
TCCG,0
TCCT,6
TCGA,1
TCTA,1
TCTC,1
TCTG,8
TCTT,3
TGCA,1
TTAA,0
TTCA,0
TTCC,1
TTCG,0
TTCT,7
TTGA,1
TTGC,1
TTGG,7
TTGT,0
TTTA,0
TTTC,0
TTTG,0
TTTT,0
