"All.3mers","Freq"
"AAA",71551900
"AAC",39403838
"AAG",54111274
"AAT",65272418
"ACA",55345421
"ACC",32362057
"ACG",7060618
"ACT",44740635
"AGA",60800985
"AGC",39390002
"AGG",49699050
"AGT",44802254
"ATA",56126117
"ATC",37420515
"ATG",51452147
"ATT",65355869
"CAA",50882962
"CAC",42487695
"CAG",57531296
"CAT",51448523
"CCA",51360979
"CCC",32478965
"CCG",7665433
"CCT",49749737
"CGA",6212987
"CGC",6672324
"CGG",7665203
"CGT",7078367
"CTA",36036955
"CTC",47726852
"CTG",57573355
"CTT",54203932
"GAA",53399728
"GAC",26792349
"GAG",47725153
"GAT",37459368
"GCA",40579438
"GCC",33421223
"GCG",6677741
"GCT",39401263
"GGA",42878526
"GGC",33404693
"GGG",32513676
"GGT",32396131
"GTA",31977711
"GTC",26831524
"GTG",42591630
"GTT",39553057
"TAA",54387160
"TAC",31959575
"TAG",36079663
"TAT",56167616
"TCA",54423180
"TCC",42851502
"TCG",6225485
"TCT",60885389
"TGA",54436491
"TGC",40612331
"TGG",51457339
"TGT",55535206
"TTA",54460493
"TTC",53460530
"TTG",51076213
"TTT",71751482
