ins_or_del,pre,ins_or_del_seq,unmutated_rep_count,post,mh,COSMIC_83
d,G,C,2,A,NA,DEL:C:1:1
d,A,T,1,G,NA,DEL:T:1:0
i,C,T,4,A,NA,INS:T:1:4
d,A,C,2,T,NA,DEL:C:1:1
d,A,T,2,A,NA,DEL:T:1:1
d,A,T,1,C,NA,DEL:T:1:0
i,G,T,0,C,NA,INS:T:1:0
i,G,C,0,A,NA,INS:C:1:0
i,G,TA,10,T,NA,INS:repeats:2:5+
d,A,C,4,T,NA,DEL:C:1:3
d,A,T,3,A,NA,DEL:T:1:2
d,T,C,2,T,NA,DEL:C:1:1
i,G,T,4,C,NA,INS:T:1:4
d,A,TAGTTATAC,1,T,2,DEL:MH:5+:2
d,A,T,3,G,NA,DEL:T:1:2
d,G,CCCA,1,C,3,DEL:MH:4:3
d,C,T,4,C,NA,DEL:T:1:3
d,A,C,2,T,NA,DEL:C:1:1
d,A,C,4,A,NA,DEL:C:1:3
d,T,AA,1,G,NA,DEL:repeats:2:0
d,A,CTT,2,T,NA,DEL:repeats:3:1
i,G,T,5,G,NA,INS:T:1:5+
d,G,CCTGAGCTGTAC,1,C,1,DEL:MH:5+:1
d,G,CTGTAC,1,C,3,DEL:MH:5+:3
i,A,C,7,A,NA,INS:C:1:5+
d,G,C,2,A,NA,DEL:C:1:1
i,G,T,1,G,NA,INS:T:1:1
d,A,C,4,A,NA,DEL:C:1:3
d,C,T,3,G,NA,DEL:T:1:2
i,G,T,1,G,NA,INS:T:1:1
d,A,T,3,A,NA,DEL:T:1:2
d,G,T,1,A,NA,DEL:T:1:0
i,C,T,4,G,NA,INS:T:1:4
i,G,T,1,A,NA,INS:T:1:1
i,G,T,6,G,NA,INS:T:1:5+
i,G,T,3,C,NA,INS:T:1:3
d,G,C,1,A,NA,DEL:C:1:0
i,G,T,1,G,NA,INS:T:1:1
i,T,T,20,A,NA,INS:T:1:5+
d,T,C,1,T,NA,DEL:C:1:0
i,G,T,4,A,NA,INS:T:1:4
d,T,C,1,T,NA,DEL:C:1:0
i,G,T,1,A,NA,INS:T:1:1
d,A,TGATTCT,1,T,2,DEL:MH:5+:2
d,T,C,4,T,NA,DEL:C:1:3
i,G,T,9,C,NA,INS:T:1:5+
d,C,T,1,G,NA,DEL:T:1:0
d,C,T,1,C,NA,DEL:T:1:0
i,G,T,1,A,NA,INS:T:1:1
i,G,T,4,A,NA,INS:T:1:4
d,G,C,2,T,NA,DEL:C:1:1
d,A,C,3,G,NA,DEL:C:1:2
d,A,T,4,G,NA,DEL:T:1:3
d,T,C,1,T,NA,DEL:C:1:0
i,A,T,7,A,NA,INS:T:1:5+
d,C,TG,2,T,NA,DEL:repeats:2:1
d,A,T,2,G,NA,DEL:T:1:1
i,A,T,3,G,NA,INS:T:1:3
i,C,TCT,0,T,NA,INS:repeats:3:0
d,A,GG,1,T,NA,DEL:repeats:2:0
