IndelType_476_full,indel_type,Indel_subtype,Figlabel,,
A[Ins(C):R0]A,Insertion,Ins(C),A[Ins(C):R0]A,,TRUE
A[Ins(C):R0]G,Insertion,Ins(C),A[Ins(C):R0]G,,TRUE
A[Ins(C):R0]T,Insertion,Ins(C),A[Ins(C):R0]T,,TRUE
A[Ins(C):R1]A,Insertion,Ins(C),A[Ins(C):R1]A,,TRUE
A[Ins(C):R1]G,Insertion,Ins(C),A[Ins(C):R1]G,,TRUE
A[Ins(C):R1]T,Insertion,Ins(C),A[Ins(C):R1]T,,TRUE
A[Ins(C):R2]A,Insertion,Ins(C),A[Ins(C):R2]A,,TRUE
A[Ins(C):R2]G,Insertion,Ins(C),A[Ins(C):R2]G,,TRUE
A[Ins(C):R2]T,Insertion,Ins(C),A[Ins(C):R2]T,,TRUE
A[Ins(C):R3]A,Insertion,Ins(C),A[Ins(C):R3]A,,TRUE
A[Ins(C):R3]G,Insertion,Ins(C),A[Ins(C):R3]G,,TRUE
A[Ins(C):R3]T,Insertion,Ins(C),A[Ins(C):R3]T,,TRUE
A[Ins(C):R4]A,Insertion,Ins(C),A[Ins(C):R4]A,,TRUE
A[Ins(C):R4]G,Insertion,Ins(C),A[Ins(C):R4]G,,TRUE
A[Ins(C):R4]T,Insertion,Ins(C),A[Ins(C):R4]T,,TRUE
A[Ins(C):R5]A,Insertion,Ins(C),A[Ins(C):R5]A,,TRUE
A[Ins(C):R5]G,Insertion,Ins(C),A[Ins(C):R5]G,,TRUE
A[Ins(C):R5]T,Insertion,Ins(C),A[Ins(C):R5]T,,TRUE
A[Ins(C):R6]A,Insertion,Ins(C),A[Ins(C):R6]A,,TRUE
A[Ins(C):R6]G,Insertion,Ins(C),A[Ins(C):R6]G,,TRUE
A[Ins(C):R6]T,Insertion,Ins(C),A[Ins(C):R6]T,,TRUE
A[Ins(C):R7]A,Insertion,Ins(C),A[Ins(C):R7]A,,TRUE
A[Ins(C):R7]G,Insertion,Ins(C),A[Ins(C):R7]G,,TRUE
A[Ins(C):R7]T,Insertion,Ins(C),A[Ins(C):R7]T,,TRUE
A[Ins(C):R8]A,Insertion,Ins(C),A[Ins(C):R8]A,,TRUE
A[Ins(C):R8]G,Insertion,Ins(C),A[Ins(C):R8]G,,TRUE
A[Ins(C):R8]T,Insertion,Ins(C),A[Ins(C):R8]T,,TRUE
A[Ins(C):R9]A,Insertion,Ins(C),A[Ins(C):R9]A,,TRUE
A[Ins(C):R9]G,Insertion,Ins(C),A[Ins(C):R9]G,,TRUE
A[Ins(C):R9]T,Insertion,Ins(C),A[Ins(C):R9]T,,TRUE
G[Ins(C):R0]A,Insertion,Ins(C),G[Ins(C):R0]A,,TRUE
G[Ins(C):R0]G,Insertion,Ins(C),G[Ins(C):R0]G,,TRUE
G[Ins(C):R0]T,Insertion,Ins(C),G[Ins(C):R0]T,,TRUE
G[Ins(C):R1]A,Insertion,Ins(C),G[Ins(C):R1]A,,TRUE
G[Ins(C):R1]G,Insertion,Ins(C),G[Ins(C):R1]G,,TRUE
G[Ins(C):R1]T,Insertion,Ins(C),G[Ins(C):R1]T,,TRUE
G[Ins(C):R2]A,Insertion,Ins(C),G[Ins(C):R2]A,,TRUE
G[Ins(C):R2]G,Insertion,Ins(C),G[Ins(C):R2]G,,TRUE
G[Ins(C):R2]T,Insertion,Ins(C),G[Ins(C):R2]T,,TRUE
G[Ins(C):R3]A,Insertion,Ins(C),G[Ins(C):R3]A,,TRUE
G[Ins(C):R3]G,Insertion,Ins(C),G[Ins(C):R3]G,,TRUE
G[Ins(C):R3]T,Insertion,Ins(C),G[Ins(C):R3]T,,TRUE
G[Ins(C):R4]A,Insertion,Ins(C),G[Ins(C):R4]A,,TRUE
G[Ins(C):R4]G,Insertion,Ins(C),G[Ins(C):R4]G,,TRUE
G[Ins(C):R4]T,Insertion,Ins(C),G[Ins(C):R4]T,,TRUE
G[Ins(C):R5]A,Insertion,Ins(C),G[Ins(C):R5]A,,TRUE
G[Ins(C):R5]G,Insertion,Ins(C),G[Ins(C):R5]G,,TRUE
G[Ins(C):R5]T,Insertion,Ins(C),G[Ins(C):R5]T,,TRUE
G[Ins(C):R6]A,Insertion,Ins(C),G[Ins(C):R6]A,,TRUE
G[Ins(C):R6]G,Insertion,Ins(C),G[Ins(C):R6]G,,TRUE
G[Ins(C):R6]T,Insertion,Ins(C),G[Ins(C):R6]T,,TRUE
G[Ins(C):R7]A,Insertion,Ins(C),G[Ins(C):R7]A,,TRUE
G[Ins(C):R7]G,Insertion,Ins(C),G[Ins(C):R7]G,,TRUE
G[Ins(C):R7]T,Insertion,Ins(C),G[Ins(C):R7]T,,TRUE
G[Ins(C):R8]A,Insertion,Ins(C),G[Ins(C):R8]A,,TRUE
G[Ins(C):R8]G,Insertion,Ins(C),G[Ins(C):R8]G,,TRUE
G[Ins(C):R8]T,Insertion,Ins(C),G[Ins(C):R8]T,,TRUE
G[Ins(C):R9]A,Insertion,Ins(C),G[Ins(C):R9]A,,TRUE
G[Ins(C):R9]G,Insertion,Ins(C),G[Ins(C):R9]G,,TRUE
G[Ins(C):R9]T,Insertion,Ins(C),G[Ins(C):R9]T,,TRUE
T[Ins(C):R0]A,Insertion,Ins(C),T[Ins(C):R0]A,,TRUE
T[Ins(C):R0]G,Insertion,Ins(C),T[Ins(C):R0]G,,TRUE
T[Ins(C):R0]T,Insertion,Ins(C),T[Ins(C):R0]T,,TRUE
T[Ins(C):R1]A,Insertion,Ins(C),T[Ins(C):R1]A,,TRUE
T[Ins(C):R1]G,Insertion,Ins(C),T[Ins(C):R1]G,,TRUE
T[Ins(C):R1]T,Insertion,Ins(C),T[Ins(C):R1]T,,TRUE
T[Ins(C):R2]A,Insertion,Ins(C),T[Ins(C):R2]A,,TRUE
T[Ins(C):R2]G,Insertion,Ins(C),T[Ins(C):R2]G,,TRUE
T[Ins(C):R2]T,Insertion,Ins(C),T[Ins(C):R2]T,,TRUE
T[Ins(C):R3]A,Insertion,Ins(C),T[Ins(C):R3]A,,TRUE
T[Ins(C):R3]G,Insertion,Ins(C),T[Ins(C):R3]G,,TRUE
T[Ins(C):R3]T,Insertion,Ins(C),T[Ins(C):R3]T,,TRUE
T[Ins(C):R4]A,Insertion,Ins(C),T[Ins(C):R4]A,,TRUE
T[Ins(C):R4]G,Insertion,Ins(C),T[Ins(C):R4]G,,TRUE
T[Ins(C):R4]T,Insertion,Ins(C),T[Ins(C):R4]T,,TRUE
T[Ins(C):R5]A,Insertion,Ins(C),T[Ins(C):R5]A,,TRUE
T[Ins(C):R5]G,Insertion,Ins(C),T[Ins(C):R5]G,,TRUE
T[Ins(C):R5]T,Insertion,Ins(C),T[Ins(C):R5]T,,TRUE
T[Ins(C):R6]A,Insertion,Ins(C),T[Ins(C):R6]A,,TRUE
T[Ins(C):R6]G,Insertion,Ins(C),T[Ins(C):R6]G,,TRUE
T[Ins(C):R6]T,Insertion,Ins(C),T[Ins(C):R6]T,,TRUE
T[Ins(C):R7]A,Insertion,Ins(C),T[Ins(C):R7]A,,TRUE
T[Ins(C):R7]G,Insertion,Ins(C),T[Ins(C):R7]G,,TRUE
T[Ins(C):R7]T,Insertion,Ins(C),T[Ins(C):R7]T,,TRUE
T[Ins(C):R8]A,Insertion,Ins(C),T[Ins(C):R8]A,,TRUE
T[Ins(C):R8]G,Insertion,Ins(C),T[Ins(C):R8]G,,TRUE
T[Ins(C):R8]T,Insertion,Ins(C),T[Ins(C):R8]T,,TRUE
T[Ins(C):R9]A,Insertion,Ins(C),T[Ins(C):R9]A,,TRUE
T[Ins(C):R9]G,Insertion,Ins(C),T[Ins(C):R9]G,,TRUE
T[Ins(C):R9]T,Insertion,Ins(C),T[Ins(C):R9]T,,TRUE
A[Ins(T):R0]A,Insertion,Ins(T),A[Ins(T):R0]A,,TRUE
A[Ins(T):R0]C,Insertion,Ins(T),A[Ins(T):R0]C,,TRUE
A[Ins(T):R0]G,Insertion,Ins(T),A[Ins(T):R0]G,,TRUE
A[Ins(T):R1]A,Insertion,Ins(T),A[Ins(T):R1]A,,TRUE
A[Ins(T):R1]C,Insertion,Ins(T),A[Ins(T):R1]C,,TRUE
A[Ins(T):R1]G,Insertion,Ins(T),A[Ins(T):R1]G,,TRUE
A[Ins(T):R2]A,Insertion,Ins(T),A[Ins(T):R2]A,,TRUE
A[Ins(T):R2]C,Insertion,Ins(T),A[Ins(T):R2]C,,TRUE
A[Ins(T):R2]G,Insertion,Ins(T),A[Ins(T):R2]G,,TRUE
A[Ins(T):R3]A,Insertion,Ins(T),A[Ins(T):R3]A,,TRUE
A[Ins(T):R3]C,Insertion,Ins(T),A[Ins(T):R3]C,,TRUE
A[Ins(T):R3]G,Insertion,Ins(T),A[Ins(T):R3]G,,TRUE
A[Ins(T):R4]A,Insertion,Ins(T),A[Ins(T):R4]A,,TRUE
A[Ins(T):R4]C,Insertion,Ins(T),A[Ins(T):R4]C,,TRUE
A[Ins(T):R4]G,Insertion,Ins(T),A[Ins(T):R4]G,,TRUE
A[Ins(T):R5]A,Insertion,Ins(T),A[Ins(T):R5]A,,TRUE
A[Ins(T):R5]C,Insertion,Ins(T),A[Ins(T):R5]C,,TRUE
A[Ins(T):R5]G,Insertion,Ins(T),A[Ins(T):R5]G,,TRUE
A[Ins(T):R6]A,Insertion,Ins(T),A[Ins(T):R6]A,,TRUE
A[Ins(T):R6]C,Insertion,Ins(T),A[Ins(T):R6]C,,TRUE
A[Ins(T):R6]G,Insertion,Ins(T),A[Ins(T):R6]G,,TRUE
A[Ins(T):R7]A,Insertion,Ins(T),A[Ins(T):R7]A,,TRUE
A[Ins(T):R7]C,Insertion,Ins(T),A[Ins(T):R7]C,,TRUE
A[Ins(T):R7]G,Insertion,Ins(T),A[Ins(T):R7]G,,TRUE
A[Ins(T):R8]A,Insertion,Ins(T),A[Ins(T):R8]A,,TRUE
A[Ins(T):R8]C,Insertion,Ins(T),A[Ins(T):R8]C,,TRUE
A[Ins(T):R8]G,Insertion,Ins(T),A[Ins(T):R8]G,,TRUE
A[Ins(T):R9]A,Insertion,Ins(T),A[Ins(T):R9]A,,TRUE
A[Ins(T):R9]C,Insertion,Ins(T),A[Ins(T):R9]C,,TRUE
A[Ins(T):R9]G,Insertion,Ins(T),A[Ins(T):R9]G,,TRUE
C[Ins(T):R0]A,Insertion,Ins(T),C[Ins(T):R0]A,,TRUE
C[Ins(T):R0]C,Insertion,Ins(T),C[Ins(T):R0]C,,TRUE
C[Ins(T):R0]G,Insertion,Ins(T),C[Ins(T):R0]G,,TRUE
C[Ins(T):R1]A,Insertion,Ins(T),C[Ins(T):R1]A,,TRUE
C[Ins(T):R1]C,Insertion,Ins(T),C[Ins(T):R1]C,,TRUE
C[Ins(T):R1]G,Insertion,Ins(T),C[Ins(T):R1]G,,TRUE
C[Ins(T):R2]A,Insertion,Ins(T),C[Ins(T):R2]A,,TRUE
C[Ins(T):R2]C,Insertion,Ins(T),C[Ins(T):R2]C,,TRUE
C[Ins(T):R2]G,Insertion,Ins(T),C[Ins(T):R2]G,,TRUE
C[Ins(T):R3]A,Insertion,Ins(T),C[Ins(T):R3]A,,TRUE
C[Ins(T):R3]C,Insertion,Ins(T),C[Ins(T):R3]C,,TRUE
C[Ins(T):R3]G,Insertion,Ins(T),C[Ins(T):R3]G,,TRUE
C[Ins(T):R4]A,Insertion,Ins(T),C[Ins(T):R4]A,,TRUE
C[Ins(T):R4]C,Insertion,Ins(T),C[Ins(T):R4]C,,TRUE
C[Ins(T):R4]G,Insertion,Ins(T),C[Ins(T):R4]G,,TRUE
C[Ins(T):R5]A,Insertion,Ins(T),C[Ins(T):R5]A,,TRUE
C[Ins(T):R5]C,Insertion,Ins(T),C[Ins(T):R5]C,,TRUE
C[Ins(T):R5]G,Insertion,Ins(T),C[Ins(T):R5]G,,TRUE
C[Ins(T):R6]A,Insertion,Ins(T),C[Ins(T):R6]A,,TRUE
C[Ins(T):R6]C,Insertion,Ins(T),C[Ins(T):R6]C,,TRUE
C[Ins(T):R6]G,Insertion,Ins(T),C[Ins(T):R6]G,,TRUE
C[Ins(T):R7]A,Insertion,Ins(T),C[Ins(T):R7]A,,TRUE
C[Ins(T):R7]C,Insertion,Ins(T),C[Ins(T):R7]C,,TRUE
C[Ins(T):R7]G,Insertion,Ins(T),C[Ins(T):R7]G,,TRUE
C[Ins(T):R8]A,Insertion,Ins(T),C[Ins(T):R8]A,,TRUE
C[Ins(T):R8]C,Insertion,Ins(T),C[Ins(T):R8]C,,TRUE
C[Ins(T):R8]G,Insertion,Ins(T),C[Ins(T):R8]G,,TRUE
C[Ins(T):R9]A,Insertion,Ins(T),C[Ins(T):R9]A,,TRUE
C[Ins(T):R9]C,Insertion,Ins(T),C[Ins(T):R9]C,,TRUE
C[Ins(T):R9]G,Insertion,Ins(T),C[Ins(T):R9]G,,TRUE
G[Ins(T):R0]A,Insertion,Ins(T),G[Ins(T):R0]A,,TRUE
G[Ins(T):R0]C,Insertion,Ins(T),G[Ins(T):R0]C,,TRUE
G[Ins(T):R0]G,Insertion,Ins(T),G[Ins(T):R0]G,,TRUE
G[Ins(T):R1]A,Insertion,Ins(T),G[Ins(T):R1]A,,TRUE
G[Ins(T):R1]C,Insertion,Ins(T),G[Ins(T):R1]C,,TRUE
G[Ins(T):R1]G,Insertion,Ins(T),G[Ins(T):R1]G,,TRUE
G[Ins(T):R2]A,Insertion,Ins(T),G[Ins(T):R2]A,,TRUE
G[Ins(T):R2]C,Insertion,Ins(T),G[Ins(T):R2]C,,TRUE
G[Ins(T):R2]G,Insertion,Ins(T),G[Ins(T):R2]G,,TRUE
G[Ins(T):R3]A,Insertion,Ins(T),G[Ins(T):R3]A,,TRUE
G[Ins(T):R3]C,Insertion,Ins(T),G[Ins(T):R3]C,,TRUE
G[Ins(T):R3]G,Insertion,Ins(T),G[Ins(T):R3]G,,TRUE
G[Ins(T):R4]A,Insertion,Ins(T),G[Ins(T):R4]A,,TRUE
G[Ins(T):R4]C,Insertion,Ins(T),G[Ins(T):R4]C,,TRUE
G[Ins(T):R4]G,Insertion,Ins(T),G[Ins(T):R4]G,,TRUE
G[Ins(T):R5]A,Insertion,Ins(T),G[Ins(T):R5]A,,TRUE
G[Ins(T):R5]C,Insertion,Ins(T),G[Ins(T):R5]C,,TRUE
G[Ins(T):R5]G,Insertion,Ins(T),G[Ins(T):R5]G,,TRUE
G[Ins(T):R6]A,Insertion,Ins(T),G[Ins(T):R6]A,,TRUE
G[Ins(T):R6]C,Insertion,Ins(T),G[Ins(T):R6]C,,TRUE
G[Ins(T):R6]G,Insertion,Ins(T),G[Ins(T):R6]G,,TRUE
G[Ins(T):R7]A,Insertion,Ins(T),G[Ins(T):R7]A,,TRUE
G[Ins(T):R7]C,Insertion,Ins(T),G[Ins(T):R7]C,,TRUE
G[Ins(T):R7]G,Insertion,Ins(T),G[Ins(T):R7]G,,TRUE
G[Ins(T):R8]A,Insertion,Ins(T),G[Ins(T):R8]A,,TRUE
G[Ins(T):R8]C,Insertion,Ins(T),G[Ins(T):R8]C,,TRUE
G[Ins(T):R8]G,Insertion,Ins(T),G[Ins(T):R8]G,,TRUE
G[Ins(T):R9]A,Insertion,Ins(T),G[Ins(T):R9]A,,TRUE
G[Ins(T):R9]C,Insertion,Ins(T),G[Ins(T):R9]C,,TRUE
G[Ins(T):R9]G,Insertion,Ins(T),G[Ins(T):R9]G,,TRUE
"Ins(2,4):M",Insertion,"Ins(2,):R(0,9)","Ins(2,4):M",,TRUE
"Ins(5,):M",Insertion,"Ins(2,):R(0,9)","Ins(5,):M",,TRUE
Ins2:U1:R0,Insertion,"Ins(2,):R(0,9)",Ins2:U1:R0,,TRUE
Ins3:U1:R0,Insertion,"Ins(2,):R(0,9)",Ins3:U1:R0,,TRUE
Ins4:U1:R0,Insertion,"Ins(2,):R(0,9)",Ins4:U1:R0,,TRUE
Ins2:U2:R0,Insertion,"Ins(2,):R(0,9)",Ins2:U2:R0,,TRUE
Ins3:U3:R0,Insertion,"Ins(2,):R(0,9)",Ins3:U3:R0,,TRUE
Ins4:U2:R0,Insertion,"Ins(2,):R(0,9)",Ins4:U2:R0,,TRUE
Ins4:U4:R0,Insertion,"Ins(2,):R(0,9)",Ins4:U4:R0,,TRUE
"Ins(5,):R0",Insertion,"Ins(2,):R(0,9)","Ins(5,):R0",,TRUE
Ins2:U1:R1,Insertion,"Ins(2,):R(0,9)",Ins2:U1:R1,,TRUE
Ins2:U1:R2,Insertion,"Ins(2,):R(0,9)",Ins2:U1:R2,,TRUE
Ins2:U1:R3,Insertion,"Ins(2,):R(0,9)",Ins2:U1:R3,,TRUE
Ins2:U1:R4,Insertion,"Ins(2,):R(0,9)",Ins2:U1:R4,,TRUE
"Ins2:U1:R(5,9)",Insertion,"Ins(2,):R(0,9)","Ins2:U1:R(5,9)",,TRUE
Ins2:U2:R1,Insertion,"Ins(2,):R(0,9)",Ins2:U2:R1,,TRUE
Ins2:U2:R2,Insertion,"Ins(2,):R(0,9)",Ins2:U2:R2,,TRUE
Ins2:U2:R3,Insertion,"Ins(2,):R(0,9)",Ins2:U2:R3,,TRUE
Ins2:U2:R4,Insertion,"Ins(2,):R(0,9)",Ins2:U2:R4,,TRUE
"Ins2:U2:R(5,9)",Insertion,"Ins(2,):R(0,9)","Ins2:U2:R(5,9)",,TRUE
Ins3:U1:R1,Insertion,"Ins(2,):R(0,9)",Ins3:U1:R1,,TRUE
Ins3:U1:R2,Insertion,"Ins(2,):R(0,9)",Ins3:U1:R2,,TRUE
Ins3:U1:R3,Insertion,"Ins(2,):R(0,9)",Ins3:U1:R3,,TRUE
Ins3:U1:R4,Insertion,"Ins(2,):R(0,9)",Ins3:U1:R4,,TRUE
"Ins3:U1:R(5,9)",Insertion,"Ins(2,):R(0,9)","Ins3:U1:R(5,9)",,TRUE
Ins3:U3:R1,Insertion,"Ins(2,):R(0,9)",Ins3:U3:R1,,TRUE
Ins3:U3:R2,Insertion,"Ins(2,):R(0,9)",Ins3:U3:R2,,TRUE
Ins3:U3:R3,Insertion,"Ins(2,):R(0,9)",Ins3:U3:R3,,TRUE
Ins3:U3:R4,Insertion,"Ins(2,):R(0,9)",Ins3:U3:R4,,TRUE
"Ins3:U3:R(5,9)",Insertion,"Ins(2,):R(0,9)","Ins3:U3:R(5,9)",,TRUE
Ins4:U1:R1,Insertion,"Ins(2,):R(0,9)",Ins4:U1:R1,,TRUE
Ins4:U1:R2,Insertion,"Ins(2,):R(0,9)",Ins4:U1:R2,,TRUE
Ins4:U1:R3,Insertion,"Ins(2,):R(0,9)",Ins4:U1:R3,,TRUE
Ins4:U1:R4,Insertion,"Ins(2,):R(0,9)",Ins4:U1:R4,,TRUE
"Ins4:U1:R(5,9)",Insertion,"Ins(2,):R(0,9)","Ins4:U1:R(5,9)",,TRUE
Ins4:U2:R1,Insertion,"Ins(2,):R(0,9)",Ins4:U2:R1,,TRUE
Ins4:U2:R2,Insertion,"Ins(2,):R(0,9)",Ins4:U2:R2,,TRUE
Ins4:U2:R3,Insertion,"Ins(2,):R(0,9)",Ins4:U2:R3,,TRUE
Ins4:U2:R4,Insertion,"Ins(2,):R(0,9)",Ins4:U2:R4,,TRUE
"Ins4:U2:R(5,9)",Insertion,"Ins(2,):R(0,9)","Ins4:U2:R(5,9)",,TRUE
Ins4:U4:R1,Insertion,"Ins(2,):R(0,9)",Ins4:U4:R1,,TRUE
Ins4:U4:R2,Insertion,"Ins(2,):R(0,9)",Ins4:U4:R2,,TRUE
Ins4:U4:R3,Insertion,"Ins(2,):R(0,9)",Ins4:U4:R3,,TRUE
Ins4:U4:R4,Insertion,"Ins(2,):R(0,9)",Ins4:U4:R4,,TRUE
"Ins4:U4:R(5,9)",Insertion,"Ins(2,):R(0,9)","Ins4:U4:R(5,9)",,TRUE
"Ins(5,):U1:R1",Insertion,"Ins(2,):R(0,9)","Ins(5,):U1:R1",,TRUE
"Ins(5,):U1:R2",Insertion,"Ins(2,):R(0,9)","Ins(5,):U1:R2",,TRUE
"Ins(5,):U1:R3",Insertion,"Ins(2,):R(0,9)","Ins(5,):U1:R3",,TRUE
"Ins(5,):U1:R4",Insertion,"Ins(2,):R(0,9)","Ins(5,):U1:R4",,TRUE
"Ins(5,):U1:R(5,9)",Insertion,"Ins(2,):R(0,9)","Ins(5,):U1:R(5,9)",,TRUE
"Ins(5,):U2:R1",Insertion,"Ins(2,):R(0,9)","Ins(5,):U2:R1",,TRUE
"Ins(5,):U2:R2",Insertion,"Ins(2,):R(0,9)","Ins(5,):U2:R2",,TRUE
"Ins(5,):U2:R3",Insertion,"Ins(2,):R(0,9)","Ins(5,):U2:R3",,TRUE
"Ins(5,):U2:R4",Insertion,"Ins(2,):R(0,9)","Ins(5,):U2:R4",,TRUE
"Ins(5,):U2:R(5,9)",Insertion,"Ins(2,):R(0,9)","Ins(5,):U2:R(5,9)",,TRUE
"Ins(5,):U(3,):R1",Insertion,"Ins(2,):R(0,9)","Ins(5,):U(3,):R1",,TRUE
"Ins(5,):U(3,):R2",Insertion,"Ins(2,):R(0,9)","Ins(5,):U(3,):R2",,TRUE
"Ins(5,):U(3,):R3",Insertion,"Ins(2,):R(0,9)","Ins(5,):U(3,):R3",,TRUE
"Ins(5,):U(3,):R4",Insertion,"Ins(2,):R(0,9)","Ins(5,):U(3,):R4",,TRUE
"Ins(5,):U(3,):R(5,9)",Insertion,"Ins(2,):R(0,9)","Ins(5,):U(3,):R(5,9)",,TRUE
A[Del(C):R1]A,Deletion,Del(C),A[Del(C):R1]A,,TRUE
A[Del(C):R1]G,Deletion,Del(C),A[Del(C):R1]G,,TRUE
A[Del(C):R1]T,Deletion,Del(C),A[Del(C):R1]T,,TRUE
A[Del(C):R2]A,Deletion,Del(C),A[Del(C):R2]A,,TRUE
A[Del(C):R2]G,Deletion,Del(C),A[Del(C):R2]G,,TRUE
A[Del(C):R2]T,Deletion,Del(C),A[Del(C):R2]T,,TRUE
A[Del(C):R3]A,Deletion,Del(C),A[Del(C):R3]A,,TRUE
A[Del(C):R3]G,Deletion,Del(C),A[Del(C):R3]G,,TRUE
A[Del(C):R3]T,Deletion,Del(C),A[Del(C):R3]T,,TRUE
A[Del(C):R4]A,Deletion,Del(C),A[Del(C):R4]A,,TRUE
A[Del(C):R4]G,Deletion,Del(C),A[Del(C):R4]G,,TRUE
A[Del(C):R4]T,Deletion,Del(C),A[Del(C):R4]T,,TRUE
A[Del(C):R5]A,Deletion,Del(C),A[Del(C):R5]A,,TRUE
A[Del(C):R5]G,Deletion,Del(C),A[Del(C):R5]G,,TRUE
A[Del(C):R5]T,Deletion,Del(C),A[Del(C):R5]T,,TRUE
A[Del(C):R6]A,Deletion,Del(C),A[Del(C):R6]A,,TRUE
A[Del(C):R6]G,Deletion,Del(C),A[Del(C):R6]G,,TRUE
A[Del(C):R6]T,Deletion,Del(C),A[Del(C):R6]T,,TRUE
A[Del(C):R7]A,Deletion,Del(C),A[Del(C):R7]A,,TRUE
A[Del(C):R7]G,Deletion,Del(C),A[Del(C):R7]G,,TRUE
A[Del(C):R7]T,Deletion,Del(C),A[Del(C):R7]T,,TRUE
A[Del(C):R8]A,Deletion,Del(C),A[Del(C):R8]A,,TRUE
A[Del(C):R8]G,Deletion,Del(C),A[Del(C):R8]G,,TRUE
A[Del(C):R8]T,Deletion,Del(C),A[Del(C):R8]T,,TRUE
A[Del(C):R9]A,Deletion,Del(C),A[Del(C):R9]A,,TRUE
A[Del(C):R9]G,Deletion,Del(C),A[Del(C):R9]G,,TRUE
A[Del(C):R9]T,Deletion,Del(C),A[Del(C):R9]T,,TRUE
G[Del(C):R1]A,Deletion,Del(C),G[Del(C):R1]A,,TRUE
G[Del(C):R1]G,Deletion,Del(C),G[Del(C):R1]G,,TRUE
G[Del(C):R1]T,Deletion,Del(C),G[Del(C):R1]T,,TRUE
G[Del(C):R2]A,Deletion,Del(C),G[Del(C):R2]A,,TRUE
G[Del(C):R2]G,Deletion,Del(C),G[Del(C):R2]G,,TRUE
G[Del(C):R2]T,Deletion,Del(C),G[Del(C):R2]T,,TRUE
G[Del(C):R3]A,Deletion,Del(C),G[Del(C):R3]A,,TRUE
G[Del(C):R3]G,Deletion,Del(C),G[Del(C):R3]G,,TRUE
G[Del(C):R3]T,Deletion,Del(C),G[Del(C):R3]T,,TRUE
G[Del(C):R4]A,Deletion,Del(C),G[Del(C):R4]A,,TRUE
G[Del(C):R4]G,Deletion,Del(C),G[Del(C):R4]G,,TRUE
G[Del(C):R4]T,Deletion,Del(C),G[Del(C):R4]T,,TRUE
G[Del(C):R5]A,Deletion,Del(C),G[Del(C):R5]A,,TRUE
G[Del(C):R5]G,Deletion,Del(C),G[Del(C):R5]G,,TRUE
G[Del(C):R5]T,Deletion,Del(C),G[Del(C):R5]T,,TRUE
G[Del(C):R6]A,Deletion,Del(C),G[Del(C):R6]A,,TRUE
G[Del(C):R6]G,Deletion,Del(C),G[Del(C):R6]G,,TRUE
G[Del(C):R6]T,Deletion,Del(C),G[Del(C):R6]T,,TRUE
G[Del(C):R7]A,Deletion,Del(C),G[Del(C):R7]A,,TRUE
G[Del(C):R7]G,Deletion,Del(C),G[Del(C):R7]G,,TRUE
G[Del(C):R7]T,Deletion,Del(C),G[Del(C):R7]T,,TRUE
G[Del(C):R8]A,Deletion,Del(C),G[Del(C):R8]A,,TRUE
G[Del(C):R8]G,Deletion,Del(C),G[Del(C):R8]G,,TRUE
G[Del(C):R8]T,Deletion,Del(C),G[Del(C):R8]T,,TRUE
G[Del(C):R9]A,Deletion,Del(C),G[Del(C):R9]A,,TRUE
G[Del(C):R9]G,Deletion,Del(C),G[Del(C):R9]G,,TRUE
G[Del(C):R9]T,Deletion,Del(C),G[Del(C):R9]T,,TRUE
T[Del(C):R1]A,Deletion,Del(C),T[Del(C):R1]A,,TRUE
T[Del(C):R1]G,Deletion,Del(C),T[Del(C):R1]G,,TRUE
T[Del(C):R1]T,Deletion,Del(C),T[Del(C):R1]T,,TRUE
T[Del(C):R2]A,Deletion,Del(C),T[Del(C):R2]A,,TRUE
T[Del(C):R2]G,Deletion,Del(C),T[Del(C):R2]G,,TRUE
T[Del(C):R2]T,Deletion,Del(C),T[Del(C):R2]T,,TRUE
T[Del(C):R3]A,Deletion,Del(C),T[Del(C):R3]A,,TRUE
T[Del(C):R3]G,Deletion,Del(C),T[Del(C):R3]G,,TRUE
T[Del(C):R3]T,Deletion,Del(C),T[Del(C):R3]T,,TRUE
T[Del(C):R4]A,Deletion,Del(C),T[Del(C):R4]A,,TRUE
T[Del(C):R4]G,Deletion,Del(C),T[Del(C):R4]G,,TRUE
T[Del(C):R4]T,Deletion,Del(C),T[Del(C):R4]T,,TRUE
T[Del(C):R5]A,Deletion,Del(C),T[Del(C):R5]A,,TRUE
T[Del(C):R5]G,Deletion,Del(C),T[Del(C):R5]G,,TRUE
T[Del(C):R5]T,Deletion,Del(C),T[Del(C):R5]T,,TRUE
T[Del(C):R6]A,Deletion,Del(C),T[Del(C):R6]A,,TRUE
T[Del(C):R6]G,Deletion,Del(C),T[Del(C):R6]G,,TRUE
T[Del(C):R6]T,Deletion,Del(C),T[Del(C):R6]T,,TRUE
T[Del(C):R7]A,Deletion,Del(C),T[Del(C):R7]A,,TRUE
T[Del(C):R7]G,Deletion,Del(C),T[Del(C):R7]G,,TRUE
T[Del(C):R7]T,Deletion,Del(C),T[Del(C):R7]T,,TRUE
T[Del(C):R8]A,Deletion,Del(C),T[Del(C):R8]A,,TRUE
T[Del(C):R8]G,Deletion,Del(C),T[Del(C):R8]G,,TRUE
T[Del(C):R8]T,Deletion,Del(C),T[Del(C):R8]T,,TRUE
T[Del(C):R9]A,Deletion,Del(C),T[Del(C):R9]A,,TRUE
T[Del(C):R9]G,Deletion,Del(C),T[Del(C):R9]G,,TRUE
T[Del(C):R9]T,Deletion,Del(C),T[Del(C):R9]T,,TRUE
A[Del(T):R1]A,Deletion,Del(T),A[Del(T):R1]A,,TRUE
A[Del(T):R1]C,Deletion,Del(T),A[Del(T):R1]C,,TRUE
A[Del(T):R1]G,Deletion,Del(T),A[Del(T):R1]G,,TRUE
A[Del(T):R2]A,Deletion,Del(T),A[Del(T):R2]A,,TRUE
A[Del(T):R2]C,Deletion,Del(T),A[Del(T):R2]C,,TRUE
A[Del(T):R2]G,Deletion,Del(T),A[Del(T):R2]G,,TRUE
A[Del(T):R3]A,Deletion,Del(T),A[Del(T):R3]A,,TRUE
A[Del(T):R3]C,Deletion,Del(T),A[Del(T):R3]C,,TRUE
A[Del(T):R3]G,Deletion,Del(T),A[Del(T):R3]G,,TRUE
A[Del(T):R4]A,Deletion,Del(T),A[Del(T):R4]A,,TRUE
A[Del(T):R4]C,Deletion,Del(T),A[Del(T):R4]C,,TRUE
A[Del(T):R4]G,Deletion,Del(T),A[Del(T):R4]G,,TRUE
A[Del(T):R5]A,Deletion,Del(T),A[Del(T):R5]A,,TRUE
A[Del(T):R5]C,Deletion,Del(T),A[Del(T):R5]C,,TRUE
A[Del(T):R5]G,Deletion,Del(T),A[Del(T):R5]G,,TRUE
A[Del(T):R6]A,Deletion,Del(T),A[Del(T):R6]A,,TRUE
A[Del(T):R6]C,Deletion,Del(T),A[Del(T):R6]C,,TRUE
A[Del(T):R6]G,Deletion,Del(T),A[Del(T):R6]G,,TRUE
A[Del(T):R7]A,Deletion,Del(T),A[Del(T):R7]A,,TRUE
A[Del(T):R7]C,Deletion,Del(T),A[Del(T):R7]C,,TRUE
A[Del(T):R7]G,Deletion,Del(T),A[Del(T):R7]G,,TRUE
A[Del(T):R8]A,Deletion,Del(T),A[Del(T):R8]A,,TRUE
A[Del(T):R8]C,Deletion,Del(T),A[Del(T):R8]C,,TRUE
A[Del(T):R8]G,Deletion,Del(T),A[Del(T):R8]G,,TRUE
A[Del(T):R9]A,Deletion,Del(T),A[Del(T):R9]A,,TRUE
A[Del(T):R9]C,Deletion,Del(T),A[Del(T):R9]C,,TRUE
A[Del(T):R9]G,Deletion,Del(T),A[Del(T):R9]G,,TRUE
C[Del(T):R1]A,Deletion,Del(T),C[Del(T):R1]A,,TRUE
C[Del(T):R1]C,Deletion,Del(T),C[Del(T):R1]C,,TRUE
C[Del(T):R1]G,Deletion,Del(T),C[Del(T):R1]G,,TRUE
C[Del(T):R2]A,Deletion,Del(T),C[Del(T):R2]A,,TRUE
C[Del(T):R2]C,Deletion,Del(T),C[Del(T):R2]C,,TRUE
C[Del(T):R2]G,Deletion,Del(T),C[Del(T):R2]G,,TRUE
C[Del(T):R3]A,Deletion,Del(T),C[Del(T):R3]A,,TRUE
C[Del(T):R3]C,Deletion,Del(T),C[Del(T):R3]C,,TRUE
C[Del(T):R3]G,Deletion,Del(T),C[Del(T):R3]G,,TRUE
C[Del(T):R4]A,Deletion,Del(T),C[Del(T):R4]A,,TRUE
C[Del(T):R4]C,Deletion,Del(T),C[Del(T):R4]C,,TRUE
C[Del(T):R4]G,Deletion,Del(T),C[Del(T):R4]G,,TRUE
C[Del(T):R5]A,Deletion,Del(T),C[Del(T):R5]A,,TRUE
C[Del(T):R5]C,Deletion,Del(T),C[Del(T):R5]C,,TRUE
C[Del(T):R5]G,Deletion,Del(T),C[Del(T):R5]G,,TRUE
C[Del(T):R6]A,Deletion,Del(T),C[Del(T):R6]A,,TRUE
C[Del(T):R6]C,Deletion,Del(T),C[Del(T):R6]C,,TRUE
C[Del(T):R6]G,Deletion,Del(T),C[Del(T):R6]G,,TRUE
C[Del(T):R7]A,Deletion,Del(T),C[Del(T):R7]A,,TRUE
C[Del(T):R7]C,Deletion,Del(T),C[Del(T):R7]C,,TRUE
C[Del(T):R7]G,Deletion,Del(T),C[Del(T):R7]G,,TRUE
C[Del(T):R8]A,Deletion,Del(T),C[Del(T):R8]A,,TRUE
C[Del(T):R8]C,Deletion,Del(T),C[Del(T):R8]C,,TRUE
C[Del(T):R8]G,Deletion,Del(T),C[Del(T):R8]G,,TRUE
C[Del(T):R9]A,Deletion,Del(T),C[Del(T):R9]A,,TRUE
C[Del(T):R9]C,Deletion,Del(T),C[Del(T):R9]C,,TRUE
C[Del(T):R9]G,Deletion,Del(T),C[Del(T):R9]G,,TRUE
G[Del(T):R1]A,Deletion,Del(T),G[Del(T):R1]A,,TRUE
G[Del(T):R1]C,Deletion,Del(T),G[Del(T):R1]C,,TRUE
G[Del(T):R1]G,Deletion,Del(T),G[Del(T):R1]G,,TRUE
G[Del(T):R2]A,Deletion,Del(T),G[Del(T):R2]A,,TRUE
G[Del(T):R2]C,Deletion,Del(T),G[Del(T):R2]C,,TRUE
G[Del(T):R2]G,Deletion,Del(T),G[Del(T):R2]G,,TRUE
G[Del(T):R3]A,Deletion,Del(T),G[Del(T):R3]A,,TRUE
G[Del(T):R3]C,Deletion,Del(T),G[Del(T):R3]C,,TRUE
G[Del(T):R3]G,Deletion,Del(T),G[Del(T):R3]G,,TRUE
G[Del(T):R4]A,Deletion,Del(T),G[Del(T):R4]A,,TRUE
G[Del(T):R4]C,Deletion,Del(T),G[Del(T):R4]C,,TRUE
G[Del(T):R4]G,Deletion,Del(T),G[Del(T):R4]G,,TRUE
G[Del(T):R5]A,Deletion,Del(T),G[Del(T):R5]A,,TRUE
G[Del(T):R5]C,Deletion,Del(T),G[Del(T):R5]C,,TRUE
G[Del(T):R5]G,Deletion,Del(T),G[Del(T):R5]G,,TRUE
G[Del(T):R6]A,Deletion,Del(T),G[Del(T):R6]A,,TRUE
G[Del(T):R6]C,Deletion,Del(T),G[Del(T):R6]C,,TRUE
G[Del(T):R6]G,Deletion,Del(T),G[Del(T):R6]G,,TRUE
G[Del(T):R7]A,Deletion,Del(T),G[Del(T):R7]A,,TRUE
G[Del(T):R7]C,Deletion,Del(T),G[Del(T):R7]C,,TRUE
G[Del(T):R7]G,Deletion,Del(T),G[Del(T):R7]G,,TRUE
G[Del(T):R8]A,Deletion,Del(T),G[Del(T):R8]A,,TRUE
G[Del(T):R8]C,Deletion,Del(T),G[Del(T):R8]C,,TRUE
G[Del(T):R8]G,Deletion,Del(T),G[Del(T):R8]G,,TRUE
G[Del(T):R9]A,Deletion,Del(T),G[Del(T):R9]A,,TRUE
G[Del(T):R9]C,Deletion,Del(T),G[Del(T):R9]C,,TRUE
G[Del(T):R9]G,Deletion,Del(T),G[Del(T):R9]G,,TRUE
Del2:U1:R1,Deletion,"Del(2,):R(1,9)",Del2:U1:R1,,TRUE
Del3:U1:R1,Deletion,"Del(2,):R(1,9)",Del3:U1:R1,,TRUE
Del4:U1:R1,Deletion,"Del(2,):R(1,9)",Del4:U1:R1,,TRUE
Del5:U1:R1,Deletion,"Del(2,):R(1,9)",Del5:U1:R1,,TRUE
Del6:U1:R1,Deletion,"Del(2,):R(1,9)",Del6:U1:R1,,TRUE
Del7:U1:R1,Deletion,"Del(2,):R(1,9)",Del7:U1:R1,,TRUE
Del8:U1:R1,Deletion,"Del(2,):R(1,9)",Del8:U1:R1,,TRUE
Del9:U1:R1,Deletion,"Del(2,):R(1,9)",Del9:U1:R1,,TRUE
"Del(10,):U1:R1",Deletion,"Del(2,):R(1,9)","Del(10,):U1:R1",,TRUE
"Del2:U(2,):R1",Deletion,"Del(2,):R(1,9)","Del2:U(2,):R1",,TRUE
"Del3:U(2,):R1",Deletion,"Del(2,):R(1,9)","Del3:U(2,):R1",,TRUE
"Del4:U(2,):R1",Deletion,"Del(2,):R(1,9)","Del4:U(2,):R1",,TRUE
"Del5:U(2,):R1",Deletion,"Del(2,):R(1,9)","Del5:U(2,):R1",,TRUE
"Del6:U(2,):R1",Deletion,"Del(2,):R(1,9)","Del6:U(2,):R1",,TRUE
"Del7:U(2,):R1",Deletion,"Del(2,):R(1,9)","Del7:U(2,):R1",,TRUE
"Del8:U(2,):R1",Deletion,"Del(2,):R(1,9)","Del8:U(2,):R1",,TRUE
"Del9:U(2,):R1",Deletion,"Del(2,):R(1,9)","Del9:U(2,):R1",,TRUE
"Del(10,):U(2,):R1",Deletion,"Del(2,):R(1,9)","Del(10,):U(2,):R1",,TRUE
Del2:U1:R3,Deletion,"Del(2,):R(1,9)",Del2:U1:R3,,TRUE
Del2:U1:R4,Deletion,"Del(2,):R(1,9)",Del2:U1:R4,,TRUE
"Del2:U1:R(5,9)",Deletion,"Del(2,):R(1,9)","Del2:U1:R(5,9)",,TRUE
Del2:U2:R2,Deletion,"Del(2,):R(1,9)",Del2:U2:R2,,TRUE
Del2:U2:R3,Deletion,"Del(2,):R(1,9)",Del2:U2:R3,,TRUE
Del2:U2:R4,Deletion,"Del(2,):R(1,9)",Del2:U2:R4,,TRUE
"Del2:U2:R(5,9)",Deletion,"Del(2,):R(1,9)","Del2:U2:R(5,9)",,TRUE
Del3:U1:R4,Deletion,"Del(2,):R(1,9)",Del3:U1:R4,,TRUE
"Del3:U1:R(5,9)",Deletion,"Del(2,):R(1,9)","Del3:U1:R(5,9)",,TRUE
Del3:U3:R2,Deletion,"Del(2,):R(1,9)",Del3:U3:R2,,TRUE
Del3:U3:R3,Deletion,"Del(2,):R(1,9)",Del3:U3:R3,,TRUE
Del3:U3:R4,Deletion,"Del(2,):R(1,9)",Del3:U3:R4,,TRUE
"Del3:U3:R(5,9)",Deletion,"Del(2,):R(1,9)","Del3:U3:R(5,9)",,TRUE
"Del4:U1:R(5,9)",Deletion,"Del(2,):R(1,9)","Del4:U1:R(5,9)",,TRUE
Del4:U2:R3,Deletion,"Del(2,):R(1,9)",Del4:U2:R3,,TRUE
Del4:U2:R4,Deletion,"Del(2,):R(1,9)",Del4:U2:R4,,TRUE
"Del4:U2:R(5,9)",Deletion,"Del(2,):R(1,9)","Del4:U2:R(5,9)",,TRUE
Del4:U4:R2,Deletion,"Del(2,):R(1,9)",Del4:U4:R2,,TRUE
Del4:U4:R3,Deletion,"Del(2,):R(1,9)",Del4:U4:R3,,TRUE
Del4:U4:R4,Deletion,"Del(2,):R(1,9)",Del4:U4:R4,,TRUE
"Del4:U4:R(5,9)",Deletion,"Del(2,):R(1,9)","Del4:U4:R(5,9)",,TRUE
"Del5:U1:R(6,9)",Deletion,"Del(2,):R(1,9)","Del5:U1:R(6,9)",,TRUE
Del5:U5:R2,Deletion,"Del(2,):R(1,9)",Del5:U5:R2,,TRUE
Del5:U5:R3,Deletion,"Del(2,):R(1,9)",Del5:U5:R3,,TRUE
Del5:U5:R4,Deletion,"Del(2,):R(1,9)",Del5:U5:R4,,TRUE
"Del5:U5:R(5,9)",Deletion,"Del(2,):R(1,9)","Del5:U5:R(5,9)",,TRUE
"Del(6,):U1:R(7,9)",Deletion,"Del(2,):R(1,9)","Del(6,):U1:R(7,9)",,TRUE
"Del(6,):U2:R(4,9)",Deletion,"Del(2,):R(1,9)","Del(6,):U2:R(4,9)",,TRUE
"Del(6,):U3:R(3,9)",Deletion,"Del(2,):R(1,9)","Del(6,):U3:R(3,9)",,TRUE
"Del(6,):U(4,):R(2,9)",Deletion,"Del(2,):R(1,9)","Del(6,):U(4,):R(2,9)",,TRUE
Del2:M1,Deletion,"Del(2,):M(1,)",Del2:M1,,TRUE
Del3:M1,Deletion,"Del(2,):M(1,)",Del3:M1,,TRUE
Del3:M2,Deletion,"Del(2,):M(1,)",Del3:M2,,TRUE
Del4:M1,Deletion,"Del(2,):M(1,)",Del4:M1,,TRUE
Del4:M2,Deletion,"Del(2,):M(1,)",Del4:M2,,TRUE
Del4:M3,Deletion,"Del(2,):M(1,)",Del4:M3,,TRUE
Del5:M1,Deletion,"Del(2,):M(1,)",Del5:M1,,TRUE
Del5:M2,Deletion,"Del(2,):M(1,)",Del5:M2,,TRUE
Del5:M3,Deletion,"Del(2,):M(1,)",Del5:M3,,TRUE
Del5:M4,Deletion,"Del(2,):M(1,)",Del5:M4,,TRUE
Del6:M1,Deletion,"Del(2,):M(1,)",Del6:M1,,TRUE
Del6:M2,Deletion,"Del(2,):M(1,)",Del6:M2,,TRUE
Del6:M3,Deletion,"Del(2,):M(1,)",Del6:M3,,TRUE
Del6:M4,Deletion,"Del(2,):M(1,)",Del6:M4,,TRUE
Del6:M5,Deletion,"Del(2,):M(1,)",Del6:M5,,TRUE
"Del(7,):M1",Deletion,"Del(2,):M(1,)","Del(7,):M1",,TRUE
"Del(7,):M2",Deletion,"Del(2,):M(1,)","Del(7,):M2",,TRUE
"Del(7,):M3",Deletion,"Del(2,):M(1,)","Del(7,):M3",,TRUE
"Del(7,):M4",Deletion,"Del(2,):M(1,)","Del(7,):M4",,TRUE
"Del(7,):M5",Deletion,"Del(2,):M(1,)","Del(7,):M5",,TRUE
"Del(7,):M(6,)",Deletion,"Del(2,):M(1,)","Del(7,):M(6,)",,TRUE
"Complex(0,1)",Complex,Complex,"Complex(0,1)",,TRUE
"Complex(2,5)",Complex,Complex,"Complex(2,5)",,TRUE
"Complex(6,10)",Complex,Complex,"Complex(6,10)",,TRUE
"Complex(11,20)",Complex,Complex,"Complex(11,20)",,TRUE
"Complex(21,)",Complex,Complex,"Complex(21,)",,TRUE
