Quad,MCF10A_Carb_Low_cl2_Strelka_SBS
AACA,1
AACC,1
AACG,0
AACT,1
AATA,0
AATC,0
AATG,0
AATT,0
ACCA,1
ACCC,2
ACCG,0
ACCT,3
ACGA,0
ACGC,0
ACGG,1
ACGT,0
ACTA,8
ACTC,3
ACTG,18
ACTT,13
AGCA,5
AGCC,12
AGCG,0
AGCT,7
ATAA,0
ATAC,0
ATAG,1
ATAT,1
ATCA,7
ATCC,9
ATCG,0
ATCT,13
ATGA,1
ATGC,0
ATGG,15
ATGT,0
ATTA,0
ATTC,0
ATTG,1
ATTT,0
CACA,2
CACC,0
CACG,0
CACT,0
CATA,0
CATC,0
CATG,0
CCCA,2
CCCC,0
CCCG,2
CCCT,2
CCGA,1
CCGC,0
CCGG,0
CCTA,8
CCTC,12
CCTG,5
CCTT,14
CGCA,0
CGCC,0
CGCG,0
CTAA,2
CTAC,1
CTAG,0
CTCA,0
CTCC,5
CTCG,1
CTCT,7
CTGA,2
CTGC,4
CTGG,6
CTGT,1
CTTA,3
CTTC,0
CTTG,0
CTTT,0
GACA,0
GACC,0
GACG,0
GACT,0
GATA,0
GATC,0
GCCA,0
GCCC,9
GCCG,0
GCCT,24
GCGA,0
GCGC,0
GCTA,4
GCTC,0
GCTG,4
GCTT,2
GGCA,2
GGCC,0
GTAA,0
GTAC,0
GTCA,4
GTCC,4
GTCG,0
GTCT,19
GTGA,0
GTGC,0
GTGG,2
GTGT,1
GTTA,0
GTTC,0
GTTG,0
GTTT,0
TACA,1
TACC,1
TACG,0
TACT,0
TATA,0
TCCA,0
TCCC,1
TCCG,0
TCCT,4
TCGA,1
TCTA,2
TCTC,1
TCTG,7
TCTT,1
TGCA,1
TTAA,0
TTCA,0
TTCC,0
TTCG,0
TTCT,6
TTGA,2
TTGC,1
TTGG,5
TTGT,0
TTTA,0
TTTC,0
TTTG,0
TTTT,0
