Mutation type,Trinucleotide,MCF10A_Carb_Low_cl2_Strelka_SBS
C>A,ACA,98
C>A,ACC,247
C>A,ACG,7
C>A,ACT,116
C>A,CCA,184
C>A,CCC,89
C>A,CCG,11
C>A,CCT,232
C>A,GCA,267
C>A,GCC,570
C>A,GCG,8
C>A,GCT,127
C>A,TCA,109
C>A,TCC,125
C>A,TCG,8
C>A,TCT,167
C>G,ACA,45
C>G,ACC,31
C>G,ACG,5
C>G,ACT,72
C>G,CCA,30
C>G,CCC,35
C>G,CCG,7
C>G,CCT,66
C>G,GCA,41
C>G,GCC,310
C>G,GCG,5
C>G,GCT,120
C>G,TCA,97
C>G,TCC,41
C>G,TCG,11
C>G,TCT,221
C>T,ACA,56
C>T,ACC,33
C>T,ACG,19
C>T,ACT,59
C>T,CCA,205
C>T,CCC,583
C>T,CCG,63
C>T,CCT,611
C>T,GCA,150
C>T,GCC,169
C>T,GCG,23
C>T,GCT,118
C>T,TCA,105
C>T,TCC,134
C>T,TCG,32
C>T,TCT,199
T>A,ATA,68
T>A,ATC,81
T>A,ATG,46
T>A,ATT,63
T>A,CTA,295
T>A,CTC,224
T>A,CTG,333
T>A,CTT,320
T>A,GTA,8
T>A,GTC,61
T>A,GTG,21
T>A,GTT,22
T>A,TTA,71
T>A,TTC,30
T>A,TTG,31
T>A,TTT,50
T>C,ATA,116
T>C,ATC,57
T>C,ATG,55
T>C,ATT,74
T>C,CTA,95
T>C,CTC,67
T>C,CTG,106
T>C,CTT,207
T>C,GTA,43
T>C,GTC,134
T>C,GTG,34
T>C,GTT,38
T>C,TTA,81
T>C,TTC,65
T>C,TTG,23
T>C,TTT,44
T>G,ATA,43
T>G,ATC,25
T>G,ATG,46
T>G,ATT,44
T>G,CTA,23
T>G,CTC,33
T>G,CTG,63
T>G,CTT,60
T>G,GTA,13
T>G,GTC,51
T>G,GTG,28
T>G,GTT,24
T>G,TTA,47
T>G,TTC,26
T>G,TTG,60
T>G,TTT,42
